RttAvg,Throughput,Input_load,Time
1.461,1.461565971,1.826957703,7/27/2018 23:08
0.076,4.813335419,6.016670227,7/27/2018 23:08
3.384,2.435943604,3.044929504,7/27/2018 23:08
3.492,3.369445801,4.211807251,7/27/2018 23:09
